LB(12)_resid_stat,LB(12)_resid_p,LB(12)_resid2_stat,LB(12)_resid2_p
12.059724810569168,0.4408950631338914,6.0927747883777315,0.9113332172333359
