LB(12)_resid_stat,LB(12)_resid_p,LB(12)_resid2_stat,LB(12)_resid2_p
25.533196513786983,0.012488788021058581,11.47573719767696,0.4886466367785073
